stage,seed,family,level,mean_terminal_regret,median_terminal_regret,mean_efficiency_error,mean_best_score,success_rate_at_threshold,global_optimum_success_rate,mean_final_population_diversity,episodes
screening,300,FAMILY_A_DECEPTION_ONLY,A1,0.09218749999999998,0.08281249999999996,0.21718749999999998,0.9078125,0.1875,0.1875,0.21033599411231885,16
screening,300,FAMILY_A_DECEPTION_ONLY,A2,0.08300781249999997,0.08281249999999996,0.20800781249999997,0.9169921875,0.125,0.125,0.20480921648550726,16
screening,300,FAMILY_A_DECEPTION_ONLY,A3,0.07568359375000003,0.07500000000000007,0.20068359375,0.92431640625,0.1875,0.1875,0.2036628170289855,16
screening,300,FAMILY_A_DECEPTION_ONLY,A4,0.06513671874999996,0.04375000000000001,0.19013671874999993,0.93486328125,0.0,0.0,0.2004005321557971,16
screening,300,FAMILY_B_INTERACTION_DENSITY_ONLY,B1,0.07431640625000002,0.07640625000000001,0.19931640625000002,0.92568359375,0.125,0.125,0.20318161231884058,16
screening,300,FAMILY_B_INTERACTION_DENSITY_ONLY,B2,0.08837652439024384,0.07759146341463408,0.21337652439024385,0.9116234756097562,0.0,0.0,0.19989102128623187,16
screening,300,FAMILY_B_INTERACTION_DENSITY_ONLY,B3,0.09374999999999997,0.08079268292682917,0.21874999999999997,0.90625,0.0,0.0,0.20205644248188406,16
screening,300,FAMILY_B_INTERACTION_DENSITY_ONLY,B4,0.09054878048780482,0.07996273712737123,0.21554878048780482,0.9094512195121952,0.0,0.0,0.20182999320652173,16
screening,300,FAMILY_C_CONFLICTING_INTERACTIONS,C1,0.09796085858585858,0.08292929292929291,0.2229608585858586,0.9020391414141414,0.0,0.0,0.20323114809782608,16
screening,300,FAMILY_C_CONFLICTING_INTERACTIONS,C2,0.08333969465648858,0.08091603053435115,0.20833969465648858,0.9166603053435114,0.125,0.125,0.2060051517210145,16
screening,300,FAMILY_C_CONFLICTING_INTERACTIONS,C3,0.08535897435897437,0.07651282051282049,0.21035897435897438,0.9146410256410257,0.0625,0.0625,0.20976279438405798,16
screening,300,FAMILY_C_CONFLICTING_INTERACTIONS,C4,0.0903165374677003,0.09188630490956073,0.2153165374677003,0.9096834625322997,0.0625,0.0625,0.20416525135869568,16
screening,301,FAMILY_A_DECEPTION_ONLY,A1,0.08613281249999998,0.08281249999999996,0.2111328125,0.9138671875000001,0.125,0.125,0.20679064764492755,16
screening,301,FAMILY_A_DECEPTION_ONLY,A2,0.09335937499999997,0.08749999999999991,0.21835937499999997,0.9066406250000001,0.1875,0.1875,0.20269333106884058,16
screening,301,FAMILY_A_DECEPTION_ONLY,A3,0.08876953125,0.08281249999999996,0.21376953125000003,0.91123046875,0.0625,0.0625,0.19520635190217392,16
screening,301,FAMILY_A_DECEPTION_ONLY,A4,0.06591796874999992,0.03749999999999992,0.19091796874999992,0.9340820312500001,0.0,0.0,0.20098080842391305,16
screening,301,FAMILY_B_INTERACTION_DENSITY_ONLY,B1,0.07816406250000002,0.08281249999999996,0.20316406250000002,0.9218359375,0.0,0.0,0.2041794044384058,16
screening,301,FAMILY_B_INTERACTION_DENSITY_ONLY,B2,0.08810975609756096,0.08048780487804885,0.21310975609756094,0.911890243902439,0.125,0.125,0.21245895606884058,16
screening,301,FAMILY_B_INTERACTION_DENSITY_ONLY,B3,0.08043064024390244,0.07804878048780495,0.20543064024390245,0.9195693597560977,0.125,0.125,0.20788751132246377,16
screening,301,FAMILY_B_INTERACTION_DENSITY_ONLY,B4,0.06958206300813,0.07574525745257443,0.19458206300813,0.93041793699187,0.125,0.125,0.21018031023550726,16
screening,301,FAMILY_C_CONFLICTING_INTERACTIONS,C1,0.08558712121212123,0.07914141414141412,0.21058712121212123,0.9144128787878788,0.0625,0.0625,0.2041015625,16
screening,301,FAMILY_C_CONFLICTING_INTERACTIONS,C2,0.08930661577608145,0.07974554707379133,0.21430661577608145,0.9106933842239185,0.0625,0.0625,0.20596976902173914,16
screening,301,FAMILY_C_CONFLICTING_INTERACTIONS,C3,0.08395512820512821,0.08035897435897432,0.2089551282051282,0.9160448717948717,0.0625,0.0625,0.2000679347826087,16
screening,301,FAMILY_C_CONFLICTING_INTERACTIONS,C4,0.077874677002584,0.07333333333333336,0.202874677002584,0.922125322997416,0.0625,0.0625,0.20253057065217392,16
screening,302,FAMILY_A_DECEPTION_ONLY,A1,0.09648437499999998,0.08984375,0.22148437499999996,0.903515625,0.1875,0.1875,0.19791666666666669,16
screening,302,FAMILY_A_DECEPTION_ONLY,A2,0.08261718749999998,0.08750000000000002,0.20761718749999997,0.9173828125,0.0625,0.0625,0.20489413496376813,16
screening,302,FAMILY_A_DECEPTION_ONLY,A3,0.08798828125000002,0.08750000000000008,0.21298828125000002,0.91201171875,0.0625,0.0625,0.20535411005434784,16
screening,302,FAMILY_A_DECEPTION_ONLY,A4,0.07001953124999995,0.04999999999999999,0.19501953124999993,0.9299804687500001,0.0,0.0,0.20712324501811594,16
screening,302,FAMILY_B_INTERACTION_DENSITY_ONLY,B1,0.09830078125000004,0.1050000000000001,0.22330078125000002,0.9016992187499999,0.0625,0.0625,0.21148947010869565,16
screening,302,FAMILY_B_INTERACTION_DENSITY_ONLY,B2,0.08875762195121946,0.08079268292682917,0.21375762195121945,0.9112423780487805,0.0625,0.0625,0.21163807744565216,16
screening,302,FAMILY_B_INTERACTION_DENSITY_ONLY,B3,0.10125762195121951,0.12088414634146344,0.2262576219512195,0.8987423780487804,0.0625,0.0625,0.21773097826086957,16
screening,302,FAMILY_B_INTERACTION_DENSITY_ONLY,B4,0.07897611788617881,0.07710027100271,0.2039761178861788,0.9210238821138212,0.125,0.125,0.20769644474637683,16
screening,302,FAMILY_C_CONFLICTING_INTERACTIONS,C1,0.10395833333333337,0.11318181818181827,0.22895833333333337,0.8960416666666666,0.0625,0.0625,0.2147659080615942,16
screening,302,FAMILY_C_CONFLICTING_INTERACTIONS,C2,0.1054961832061069,0.11394402035623413,0.2304961832061069,0.8945038167938931,0.0625,0.0625,0.21567170516304346,16
screening,302,FAMILY_C_CONFLICTING_INTERACTIONS,C3,0.10181410256410259,0.10194871794871796,0.2268141025641026,0.8981858974358974,0.0625,0.0625,0.21567878170289856,16
screening,302,FAMILY_C_CONFLICTING_INTERACTIONS,C4,0.07818475452196386,0.07204134366925063,0.20318475452196386,0.9218152454780362,0.0625,0.0625,0.20003962862318841,16
screening,303,FAMILY_A_DECEPTION_ONLY,A1,0.07832031249999999,0.06874999999999998,0.2033203125,0.9216796875000001,0.1875,0.1875,0.20314622961956522,16
screening,303,FAMILY_A_DECEPTION_ONLY,A2,0.09697265624999998,0.09218749999999998,0.22197265624999998,0.90302734375,0.0625,0.0625,0.20970618206521738,16
screening,303,FAMILY_A_DECEPTION_ONLY,A3,0.09111328125000002,0.10000000000000003,0.21611328125000004,0.9088867187499999,0.0,0.0,0.21310999773550726,16
screening,303,FAMILY_A_DECEPTION_ONLY,A4,0.06435546874999995,0.04999999999999993,0.18935546874999995,0.93564453125,0.0,0.0,0.19899937726449274,16
screening,303,FAMILY_B_INTERACTION_DENSITY_ONLY,B1,0.08136718750000002,0.08281249999999996,0.20636718750000002,0.9186328125,0.125,0.125,0.20842532835144928,16
screening,303,FAMILY_B_INTERACTION_DENSITY_ONLY,B2,0.101905487804878,0.11478658536585368,0.22690548780487801,0.898094512195122,0.0,0.0,0.21044214221014493,16
screening,303,FAMILY_B_INTERACTION_DENSITY_ONLY,B3,0.11055640243902436,0.11463414634146352,0.23555640243902437,0.8894435975609757,0.0,0.0,0.207908740942029,16
screening,303,FAMILY_B_INTERACTION_DENSITY_ONLY,B4,0.09417132452574518,0.09620596205962056,0.2191713245257452,0.9058286754742548,0.0,0.0,0.20974156476449277,16
screening,303,FAMILY_C_CONFLICTING_INTERACTIONS,C1,0.10839015151515154,0.11434343434343441,0.23339015151515158,0.8916098484848485,0.0,0.0,0.21163100090579712,16
screening,303,FAMILY_C_CONFLICTING_INTERACTIONS,C2,0.08626590330788808,0.08101781170483463,0.21126590330788808,0.9137340966921119,0.0,0.0,0.21187867980072464,16
screening,303,FAMILY_C_CONFLICTING_INTERACTIONS,C3,0.09643589743589749,0.07661538461538464,0.22143589743589748,0.9035641025641026,0.0,0.0,0.20090296648550726,16
screening,303,FAMILY_C_CONFLICTING_INTERACTIONS,C4,0.08693152454780367,0.09757105943152461,0.21193152454780367,0.9130684754521963,0.0,0.0,0.21233865489130435,16
screening,304,FAMILY_A_DECEPTION_ONLY,A1,0.10068359375,0.13749999999999996,0.22568359375,0.89931640625,0.1875,0.1875,0.20662788722826086,16
screening,304,FAMILY_A_DECEPTION_ONLY,A2,0.07587890624999996,0.08749999999999991,0.20087890624999996,0.92412109375,0.25,0.25,0.21109318387681159,16
screening,304,FAMILY_A_DECEPTION_ONLY,A3,0.08886718750000003,0.07500000000000007,0.21386718750000003,0.9111328125,0.0,0.0,0.20604761096014493,16
screening,304,FAMILY_A_DECEPTION_ONLY,A4,0.057421874999999956,0.043749999999999956,0.18242187499999996,0.942578125,0.0,0.0,0.20380434782608695,16
screening,304,FAMILY_B_INTERACTION_DENSITY_ONLY,B1,0.08496093750000004,0.09390625000000002,0.20996093750000003,0.9150390625,0.0625,0.0625,0.20785212862318841,16
screening,304,FAMILY_B_INTERACTION_DENSITY_ONLY,B2,0.08957698170731701,0.10777439024390234,0.214576981707317,0.9104230182926829,0.125,0.125,0.20543195199275363,16
screening,304,FAMILY_B_INTERACTION_DENSITY_ONLY,B3,0.0903010670731707,0.08307926829268286,0.2153010670731707,0.9096989329268292,0.125,0.125,0.2028702445652174,16
screening,304,FAMILY_B_INTERACTION_DENSITY_ONLY,B4,0.09710789295392949,0.0990684281842818,0.2221078929539295,0.9028921070460705,0.0625,0.0625,0.2077530570652174,16
screening,304,FAMILY_C_CONFLICTING_INTERACTIONS,C1,0.07204545454545458,0.0634343434343434,0.19704545454545458,0.9279545454545455,0.1875,0.1875,0.19916921422101447,16
screening,304,FAMILY_C_CONFLICTING_INTERACTIONS,C2,0.07805979643765906,0.09557251908396952,0.20305979643765906,0.921940203562341,0.125,0.125,0.19894984148550726,16
screening,304,FAMILY_C_CONFLICTING_INTERACTIONS,C3,0.083448717948718,0.07405128205128209,0.208448717948718,0.916551282051282,0.0625,0.0625,0.20886407382246375,16
screening,304,FAMILY_C_CONFLICTING_INTERACTIONS,C4,0.08001291989664086,0.07710594315245473,0.20501291989664086,0.9199870801033592,0.0625,0.0625,0.20622452445652173,16
screening,305,FAMILY_A_DECEPTION_ONLY,A1,0.08867187499999998,0.07578124999999997,0.21367187499999998,0.911328125,0.1875,0.1875,0.2118857563405797,16
screening,305,FAMILY_A_DECEPTION_ONLY,A2,0.09394531249999998,0.08281249999999996,0.2189453125,0.9060546875000001,0.0,0.0,0.209373584692029,16
screening,305,FAMILY_A_DECEPTION_ONLY,A3,0.08984375000000003,0.09687500000000004,0.21484375000000003,0.91015625,0.0625,0.0625,0.2172568500905797,16
screening,305,FAMILY_A_DECEPTION_ONLY,A4,0.06562499999999995,0.03749999999999998,0.19062499999999993,0.9343750000000001,0.0,0.0,0.19999716938405798,16
screening,305,FAMILY_B_INTERACTION_DENSITY_ONLY,B1,0.08560546875000002,0.08984375,0.21060546875000002,0.9143945312499999,0.0,0.0,0.2229888473731884,16
screening,305,FAMILY_B_INTERACTION_DENSITY_ONLY,B2,0.09857088414634141,0.12408536585365842,0.2235708841463414,0.9014291158536586,0.1875,0.1875,0.2089348392210145,16
screening,305,FAMILY_B_INTERACTION_DENSITY_ONLY,B3,0.08570884146341462,0.09878048780487803,0.21070884146341462,0.9142911585365854,0.1875,0.1875,0.21228911911231885,16
screening,305,FAMILY_B_INTERACTION_DENSITY_ONLY,B4,0.09130250677506767,0.09703590785907845,0.21630250677506768,0.9086974932249323,0.0,0.0,0.21834663722826086,16
screening,305,FAMILY_C_CONFLICTING_INTERACTIONS,C1,0.08592171717171718,0.08292929292929291,0.21092171717171718,0.9140782828282827,0.125,0.125,0.2151055819746377,16
screening,305,FAMILY_C_CONFLICTING_INTERACTIONS,C2,0.06951653944020357,0.07857506361323152,0.19451653944020358,0.9304834605597965,0.1875,0.1875,0.21095165307971014,16
screening,305,FAMILY_C_CONFLICTING_INTERACTIONS,C3,0.09494230769230771,0.10887179487179488,0.21994230769230771,0.9050576923076923,0.0625,0.0625,0.21645012454710144,16
screening,305,FAMILY_C_CONFLICTING_INTERACTIONS,C4,0.09021317829457366,0.08217054263565882,0.21521317829457365,0.9097868217054264,0.0625,0.0625,0.2133010643115942,16
screening,306,FAMILY_A_DECEPTION_ONLY,A1,0.12402343749999999,0.08984375,0.2490234375,0.8759765625,0.0,0.0,0.21064736186594202,16
screening,306,FAMILY_A_DECEPTION_ONLY,A2,0.08535156249999998,0.08749999999999991,0.21035156249999998,0.9146484375,0.1875,0.1875,0.21107903079710144,16
screening,306,FAMILY_A_DECEPTION_ONLY,A3,0.08173828125000002,0.08281249999999996,0.20673828125000002,0.91826171875,0.125,0.125,0.20863054800724637,16
screening,306,FAMILY_A_DECEPTION_ONLY,A4,0.06621093749999993,0.056249999999999856,0.19121093749999996,0.9337890625,0.0,0.0,0.20211305480072464,16
screening,306,FAMILY_B_INTERACTION_DENSITY_ONLY,B1,0.08130859375000005,0.09687500000000004,0.20630859375000005,0.91869140625,0.1875,0.1875,0.20166015625,16
screening,306,FAMILY_B_INTERACTION_DENSITY_ONLY,B2,0.08553734756097559,0.09359756097560967,0.21053734756097559,0.9144626524390245,0.1875,0.1875,0.20816349637681159,16
screening,306,FAMILY_B_INTERACTION_DENSITY_ONLY,B3,0.09087271341463413,0.1057926829268293,0.21587271341463413,0.9091272865853659,0.125,0.125,0.20768229166666669,16
screening,306,FAMILY_B_INTERACTION_DENSITY_ONLY,B4,0.0964176829268292,0.11260162601626011,0.2214176829268292,0.9035823170731708,0.0625,0.0625,0.20220504981884058,16
screening,306,FAMILY_C_CONFLICTING_INTERACTIONS,C1,0.0940467171717172,0.09520202020202023,0.2190467171717172,0.9059532828282828,0.125,0.125,0.21950718976449277,16
screening,306,FAMILY_C_CONFLICTING_INTERACTIONS,C2,0.08704198473282446,0.09694656488549619,0.21204198473282443,0.9129580152671756,0.0625,0.0625,0.20767521512681159,16
screening,306,FAMILY_C_CONFLICTING_INTERACTIONS,C3,0.09116025641025646,0.09384615384615386,0.21616025641025646,0.9088397435897435,0.0625,0.0625,0.199119678442029,16
screening,306,FAMILY_C_CONFLICTING_INTERACTIONS,C4,0.0959043927648579,0.10806201550387606,0.2209043927648579,0.904095607235142,0.0625,0.0625,0.21650673686594205,16
screening,307,FAMILY_A_DECEPTION_ONLY,A1,0.10595703124999999,0.12421874999999999,0.23095703125,0.89404296875,0.125,0.125,0.20737092391304346,16
screening,307,FAMILY_A_DECEPTION_ONLY,A2,0.08837890624999997,0.08749999999999991,0.21337890625,0.91162109375,0.1875,0.1875,0.20542487545289856,16
screening,307,FAMILY_A_DECEPTION_ONLY,A3,0.07451171875000004,0.050000000000000044,0.19951171875,0.9254882812499999,0.0,0.0,0.2132727581521739,16
screening,307,FAMILY_A_DECEPTION_ONLY,A4,0.056152343749999965,0.04999999999999993,0.18115234374999994,0.94384765625,0.0,0.0,0.20437754755434784,16
screening,307,FAMILY_B_INTERACTION_DENSITY_ONLY,B1,0.09253906250000007,0.08343750000000005,0.21753906250000007,0.9074609375,0.0,0.0,0.2069038722826087,16
screening,307,FAMILY_B_INTERACTION_DENSITY_ONLY,B2,0.10605945121951216,0.10868902439024386,0.23105945121951216,0.8939405487804878,0.0,0.0,0.2090339107789855,16
screening,307,FAMILY_B_INTERACTION_DENSITY_ONLY,B3,0.09516006097560975,0.08048780487804885,0.22016006097560975,0.9048399390243902,0.0625,0.0625,0.21166638360507248,16
screening,307,FAMILY_B_INTERACTION_DENSITY_ONLY,B4,0.09241404132791325,0.0792852303523035,0.21741404132791325,0.9075859586720867,0.125,0.125,0.2141290194746377,16
screening,307,FAMILY_C_CONFLICTING_INTERACTIONS,C1,0.08851010101010105,0.08050505050505063,0.21351010101010107,0.911489898989899,0.0625,0.0625,0.20663496376811594,16
screening,307,FAMILY_C_CONFLICTING_INTERACTIONS,C2,0.08104325699745552,0.07603053435114515,0.20604325699745552,0.9189567430025445,0.0,0.0,0.20214136096014496,16
screening,307,FAMILY_C_CONFLICTING_INTERACTIONS,C3,0.08864743589743598,0.0887179487179488,0.21364743589743596,0.911352564102564,0.0,0.0,0.20708786231884058,16
screening,307,FAMILY_C_CONFLICTING_INTERACTIONS,C4,0.09322997416020677,0.10806201550387606,0.21822997416020679,0.9067700258397933,0.125,0.125,0.20297639266304346,16
screening,308,FAMILY_A_DECEPTION_ONLY,A1,0.06552734374999998,0.08281249999999996,0.19052734374999997,0.9344726562500001,0.25,0.25,0.20538241621376813,16
screening,308,FAMILY_A_DECEPTION_ONLY,A2,0.09814453124999996,0.1265624999999999,0.22314453124999997,0.90185546875,0.1875,0.1875,0.21100118885869565,16
screening,308,FAMILY_A_DECEPTION_ONLY,A3,0.08867187500000004,0.08750000000000008,0.21367187500000004,0.9113281249999999,0.0,0.0,0.2002165421195652,16
screening,308,FAMILY_A_DECEPTION_ONLY,A4,0.042871093749999936,0.031249999999999944,0.16787109374999992,0.9571289062500001,0.0,0.0,0.1948596014492754,16
screening,308,FAMILY_B_INTERACTION_DENSITY_ONLY,B1,0.08371093750000004,0.09390625000000002,0.20871093750000003,0.9162890625,0.125,0.125,0.21491451539855072,16
screening,308,FAMILY_B_INTERACTION_DENSITY_ONLY,B2,0.0965510670731707,0.10838414634146337,0.2215510670731707,0.9034489329268294,0.125,0.125,0.2085243999094203,16
screening,308,FAMILY_B_INTERACTION_DENSITY_ONLY,B3,0.0727515243902439,0.08185975609756091,0.1977515243902439,0.9272484756097561,0.25,0.25,0.20516304347826086,16
screening,308,FAMILY_B_INTERACTION_DENSITY_ONLY,B4,0.07908409552845526,0.09688346883468835,0.20408409552845527,0.9209159044715447,0.1875,0.1875,0.20512766077898553,16
screening,308,FAMILY_C_CONFLICTING_INTERACTIONS,C1,0.06984217171717173,0.04530303030303029,0.19484217171717172,0.9301578282828282,0.125,0.125,0.19999716938405798,16
screening,308,FAMILY_C_CONFLICTING_INTERACTIONS,C2,0.07367684478371506,0.07847328244274815,0.19867684478371506,0.9263231552162849,0.125,0.125,0.20492951766304346,16
screening,308,FAMILY_C_CONFLICTING_INTERACTIONS,C3,0.09553846153846157,0.10887179487179494,0.22053846153846157,0.9044615384615384,0.125,0.125,0.20444831295289856,16
screening,308,FAMILY_C_CONFLICTING_INTERACTIONS,C4,0.09503875968992252,0.11183462532299743,0.22003875968992254,0.9049612403100775,0.125,0.125,0.20571501358695654,16
screening,309,FAMILY_A_DECEPTION_ONLY,A1,0.06640624999999997,0.08281249999999996,0.19140624999999997,0.93359375,0.375,0.375,0.201171875,16
screening,309,FAMILY_A_DECEPTION_ONLY,A2,0.08720703124999998,0.08281249999999996,0.21220703124999998,0.91279296875,0.3125,0.3125,0.19560971467391303,16
screening,309,FAMILY_A_DECEPTION_ONLY,A3,0.06464843750000004,0.050000000000000044,0.18964843750000004,0.9353515625,0.125,0.125,0.19527004076086957,16
screening,309,FAMILY_A_DECEPTION_ONLY,A4,0.07499999999999996,0.0789062499999999,0.19999999999999996,0.925,0.0,0.0,0.19798743206521738,16
screening,309,FAMILY_B_INTERACTION_DENSITY_ONLY,B1,0.09859375000000002,0.10093750000000007,0.22359375000000004,0.90140625,0.1875,0.1875,0.1979874320652174,16
screening,309,FAMILY_B_INTERACTION_DENSITY_ONLY,B2,0.10341082317073168,0.09847560975609754,0.2284108231707317,0.8965891768292683,0.0625,0.0625,0.20440585371376813,16
screening,309,FAMILY_B_INTERACTION_DENSITY_ONLY,B3,0.08761432926829266,0.08079268292682917,0.21261432926829266,0.9123856707317073,0.125,0.125,0.19982733242753623,16
screening,309,FAMILY_B_INTERACTION_DENSITY_ONLY,B4,0.07654556233062323,0.0750677506775067,0.20154556233062326,0.9234544376693767,0.25,0.25,0.20146201313405795,16
screening,309,FAMILY_C_CONFLICTING_INTERACTIONS,C1,0.0897979797979798,0.09737373737373733,0.21479797979797977,0.9102020202020202,0.1875,0.1875,0.19899937726449274,16
screening,309,FAMILY_C_CONFLICTING_INTERACTIONS,C2,0.08814249363867688,0.08356234096692111,0.21314249363867688,0.9118575063613231,0.125,0.125,0.20977694746376813,16
screening,309,FAMILY_C_CONFLICTING_INTERACTIONS,C3,0.08048717948717952,0.07405128205128209,0.20548717948717954,0.9195128205128205,0.0625,0.0625,0.20111526268115942,16
screening,309,FAMILY_C_CONFLICTING_INTERACTIONS,C4,0.09358527131782948,0.08217054263565882,0.21858527131782948,0.9064147286821704,0.0,0.0,0.2034292912137681,16
